{"bondmovies" : [
{
"title" : "Goldfinger",
"director" : "Guy Hamilton",
"year" : 1964,
"genre" : ["Action", "Adventure", "Thriller"],
"runtime" : "110 min",
"actor" : {
"James Bond" : "Sean Connery",
"Bond Girl" : "Pussy Galore"
},
"gross" : 51081062
},
{
"title" : "The Man with the Golden Gun",
"director" : "Guy Hamilton",
"year" : 1974,
"genre" : ["Action", "Adventure", "Thriller"],
"runtime" : "123 min",
"actor" : {
"James Bond" : "Roger Moore",
"Bond Girl" : "Britt Ekland"
},
"gross" : 20972000
},
{
"title" : "License to Kill",
"director" : "John Glen",
"year" : 1989,
"genre" : ["Action", "Adventure"],
"runtime" : "133 min",
"actor" : {
"James Bond" : "Timothy Dalton",
"Bond Girl" : "Carey Lowell"
},
"gross" : 34667015
}]
}
